,report_date,building_id,dob_violations,hpd_violations,fdny_violations,total_open_violations
0,2018-12-31T00:00:00.000,TQ01,0,2,3,5.0
1,2018-12-31T00:00:00.000,TQ02,4,2,0,6.0
2,2018-12-31T00:00:00.000,TQ03,1,2,1,4.0
3,2018-12-31T00:00:00.000,TQ04,0,3,4,7.0
4,2018-12-31T00:00:00.000,TQ05,13,46,5,64.0
5,2018-12-31T00:00:00.000,TQ06,0,0,6,6.0
6,2018-12-31T00:00:00.000,TQ07,0,1,6,7.0
7,2018-12-31T00:00:00.000,TQ08,34,0,6,40.0
8,2018-12-31T00:00:00.000,TQ09,7,3,0,10.0
9,2018-12-31T00:00:00.000,TQ10,8,14,2,24.0
10,2018-12-31T00:00:00.000,TQ11,20,0,1,21.0
11,2018-12-31T00:00:00.000,TQ12,1,0,0,1.0
12,2018-12-31T00:00:00.000,TQ13,0,8,0,8.0
13,2018-12-31T00:00:00.000,TQ14,9,83,1,93.0
14,2018-12-31T00:00:00.000,TQ15,0,0,0,0.0
15,2018-12-31T00:00:00.000,TQ16,0,1,0,1.0
16,2018-12-31T00:00:00.000,TQ17,18,42,5,65.0
17,2018-12-31T00:00:00.000,TQ18,3,51,0,54.0
18,2018-12-31T00:00:00.000,TQ19,17,8,0,25.0
19,2018-12-31T00:00:00.000,TQ20,3,7,3,13.0
20,2018-12-31T00:00:00.000,TQ21,7,19,1,27.0
21,2018-12-31T00:00:00.000,TQ22,0,3,0,3.0
22,2018-12-31T00:00:00.000,TQ23,2,0,1,3.0
23,2018-12-31T00:00:00.000,TQ24,10,1,1,12.0
24,2018-12-31T00:00:00.000,TQ25,8,8,4,20.0
25,2018-12-31T00:00:00.000,TQ26,31,49,9,89.0
26,2018-12-31T00:00:00.000,TQ27,8,18,2,28.0
27,2018-12-31T00:00:00.000,TQ28,33,110,3,146.0
28,2018-12-31T00:00:00.000,TQ29,6,9,3,18.0
29,2018-12-31T00:00:00.000,TQ30,7,4,0,11.0
30,2018-12-31T00:00:00.000,TQ31,26,14,0,40.0
31,2018-12-31T00:00:00.000,TQ32,0,2,0,2.0
32,2018-12-31T00:00:00.000,TQ33,14,23,0,37.0
33,2018-12-31T00:00:00.000,TQ34,78,38,0,116.0
34,2018-12-31T00:00:00.000,TQ35,9,3,1,13.0
35,2018-12-31T00:00:00.000,TQ36,16,57,3,76.0
36,2018-12-31T00:00:00.000,TQ37,7,3,0,10.0
37,2018-12-31T00:00:00.000,TQ38,6,8,1,15.0
38,2018-12-31T00:00:00.000,TQ39,2,3,0,5.0
39,2018-12-31T00:00:00.000,TQ40,0,0,3,3.0
40,2018-12-31T00:00:00.000,TQ41,0,5,0,5.0
41,2018-12-31T00:00:00.000,TQ42,11,11,0,22.0
42,2018-12-31T00:00:00.000,TQ43,14,109,10,133.0
43,2018-12-31T00:00:00.000,TQ44,7,49,1,57.0
44,2018-12-31T00:00:00.000,TQ45,78,11,10,99.0
45,2018-12-31T00:00:00.000,TQ46,14,28,0,42.0
46,2018-12-31T00:00:00.000,TQ47,0,4,5,9.0
47,2018-12-31T00:00:00.000,TQ48,3,14,1,18.0
48,2018-12-31T00:00:00.000,TQ49,45,102,2,149.0
49,2018-12-31T00:00:00.000,TQ50,1,0,2,3.0
50,2018-12-31T00:00:00.000,TQ51,45,8,1,54.0
51,2018-12-31T00:00:00.000,TQ52,8,9,0,17.0
52,2018-12-31T00:00:00.000,TQ53,2,11,0,13.0
53,2018-12-31T00:00:00.000,TQ54,2,45,1,48.0
54,2018-12-31T00:00:00.000,TQ55,8,9,0,17.0
55,2018-12-31T00:00:00.000,TQ56,5,30,2,37.0
56,2018-12-31T00:00:00.000,TQ57,11,3,3,17.0
57,2018-12-31T00:00:00.000,TQ58,3,43,1,47.0
58,2018-12-31T00:00:00.000,TQ59,0,0,0,0.0
59,2018-12-31T00:00:00.000,TQ60,0,9,2,11.0
60,2018-12-31T00:00:00.000,TQ61,6,2,2,10.0
61,2018-12-31T00:00:00.000,TQ62,3,10,0,13.0
62,2018-12-31T00:00:00.000,TQ63,2,13,1,16.0
63,2018-12-31T00:00:00.000,TQ64,26,1,1,28.0
64,2018-12-31T00:00:00.000,TQ65,7,11,1,19.0
65,2018-12-31T00:00:00.000,TQ66,2,14,2,18.0
66,2018-12-31T00:00:00.000,TQ67,17,3,0,20.0
67,2018-12-31T00:00:00.000,TQ68,13,0,0,13.0
68,2018-12-31T00:00:00.000,TQ69,1,0,1,2.0
69,2018-12-31T00:00:00.000,TQ70,5,46,3,54.0
70,2018-12-31T00:00:00.000,TQ71,7,93,1,101.0
71,2018-12-31T00:00:00.000,TQ72,0,12,3,15.0
72,2018-12-31T00:00:00.000,TQ73,14,4,1,19.0
73,2018-12-31T00:00:00.000,TQ74,15,23,1,39.0
74,2018-12-31T00:00:00.000,TQ75,3,11,1,15.0
75,2018-12-31T00:00:00.000,TQ76,8,0,0,8.0
76,2018-12-31T00:00:00.000,TQ77,15,0,2,17.0
77,2018-12-31T00:00:00.000,TQ78,0,13,3,16.0
78,2018-12-31T00:00:00.000,TQ79,3,7,0,10.0
79,2018-12-31T00:00:00.000,TQ80,3,48,6,57.0
80,2018-12-31T00:00:00.000,TQ81,0,0,0,0.0
81,2018-12-31T00:00:00.000,TQ82,13,154,3,170.0
82,2018-12-31T00:00:00.000,TQ83,3,62,2,67.0
83,2018-12-31T00:00:00.000,TQ84,1,18,1,20.0
84,2018-12-31T00:00:00.000,TQ85,6,2,1,9.0
85,2018-12-31T00:00:00.000,TQ86,14,22,1,37.0
86,2018-12-31T00:00:00.000,TQ87,2,6,0,8.0
87,2018-12-31T00:00:00.000,TQ88,0,30,4,34.0
88,2018-12-31T00:00:00.000,TQ89,19,32,1,52.0
89,2018-12-31T00:00:00.000,TQ90,3,66,2,71.0
90,2018-12-31T00:00:00.000,TQ91,21,92,1,114.0
91,2018-12-31T00:00:00.000,TQ92,6,33,0,39.0
92,2018-12-31T00:00:00.000,TQ93,3,36,3,42.0
93,2018-12-31T00:00:00.000,TQ94,7,4,0,11.0
94,2018-12-31T00:00:00.000,TQ95,1,10,1,12.0
95,2018-12-31T00:00:00.000,TQ96,3,7,0,10.0
96,2018-12-31T00:00:00.000,TQ97,32,33,0,65.0
97,2018-12-31T00:00:00.000,TQ98,47,44,3,94.0
98,2018-12-31T00:00:00.000,TQ99,0,0,0,0.0
99,2018-12-31T00:00:00.000,TQ100,3,8,0,11.0
100,2018-12-31T00:00:00.000,TQ101,16,22,3,41.0
101,2018-12-31T00:00:00.000,TQ102,13,28,0,41.0
102,2018-12-31T00:00:00.000,TQ103,12,1,1,14.0
103,2018-12-31T00:00:00.000,TQ104,42,36,0,78.0
104,2018-12-31T00:00:00.000,TQ105,16,1,2,19.0
105,2018-12-31T00:00:00.000,TQ106,16,65,6,87.0
106,2018-12-31T00:00:00.000,TQ107,0,2,0,2.0
107,2018-12-31T00:00:00.000,TQ108,1,3,0,4.0
108,2018-12-31T00:00:00.000,TQ109,4,0,2,6.0
109,2018-12-31T00:00:00.000,TQ110,0,0,0,0.0
110,2018-12-31T00:00:00.000,TQ111,1,10,1,12.0
111,2018-12-31T00:00:00.000,TQ112,20,62,0,82.0
112,2018-12-31T00:00:00.000,TQ113,1,17,0,18.0
113,2018-12-31T00:00:00.000,TQ114,21,96,0,117.0
114,2018-12-31T00:00:00.000,TQ115,5,12,0,17.0
115,2018-09-30T00:00:00.000,TQ01,0,2,3,5.0
116,2018-09-30T00:00:00.000,TQ02,4,2,0,6.0
117,2018-09-30T00:00:00.000,TQ03,1,2,2,5.0
118,2018-09-30T00:00:00.000,TQ04,0,13,4,17.0
119,2018-09-30T00:00:00.000,TQ05,13,45,5,63.0
120,2018-09-30T00:00:00.000,TQ06,0,0,6,6.0
121,2018-09-30T00:00:00.000,TQ07,0,1,6,7.0
122,2018-09-30T00:00:00.000,TQ08,33,0,6,39.0
123,2018-09-30T00:00:00.000,TQ09,7,3,0,10.0
124,2018-09-30T00:00:00.000,TQ10,8,13,2,23.0
125,2018-09-30T00:00:00.000,TQ11,20,0,1,21.0
126,2018-09-30T00:00:00.000,TQ12,1,0,0,1.0
127,2018-09-30T00:00:00.000,TQ13,0,8,0,8.0
128,2018-09-30T00:00:00.000,TQ14,9,80,1,90.0
129,2018-09-30T00:00:00.000,TQ15,0,0,0,0.0
130,2018-09-30T00:00:00.000,TQ16,0,0,0,0.0
131,2018-09-30T00:00:00.000,TQ17,13,43,5,61.0
132,2018-09-30T00:00:00.000,TQ18,3,51,0,54.0
133,2018-09-30T00:00:00.000,TQ19,17,8,0,25.0
134,2018-09-30T00:00:00.000,TQ20,3,0,3,6.0
135,2018-09-30T00:00:00.000,TQ21,5,19,1,25.0
136,2018-09-30T00:00:00.000,TQ22,0,3,0,3.0
137,2018-09-30T00:00:00.000,TQ23,2,0,0,2.0
138,2018-09-30T00:00:00.000,TQ24,10,1,1,12.0
139,2018-09-30T00:00:00.000,TQ25,8,8,3,19.0
140,2018-09-30T00:00:00.000,TQ26,18,48,9,75.0
141,2018-09-30T00:00:00.000,TQ27,8,18,2,28.0
142,2018-09-30T00:00:00.000,TQ28,33,110,3,146.0
143,2018-09-30T00:00:00.000,TQ29,6,45,2,53.0
144,2018-09-30T00:00:00.000,TQ30,6,4,0,10.0
145,2018-09-30T00:00:00.000,TQ31,25,13,0,38.0
146,2018-09-30T00:00:00.000,TQ32,0,1,0,1.0
147,2018-09-30T00:00:00.000,TQ33,13,19,0,32.0
148,2018-09-30T00:00:00.000,TQ34,77,38,0,115.0
149,2018-09-30T00:00:00.000,TQ35,2,3,1,6.0
150,2018-09-30T00:00:00.000,TQ36,12,57,3,72.0
151,2018-09-30T00:00:00.000,TQ37,7,2,0,9.0
152,2018-09-30T00:00:00.000,TQ38,12,8,1,21.0
153,2018-09-30T00:00:00.000,TQ39,2,2,0,4.0
154,2018-09-30T00:00:00.000,TQ40,0,0,3,3.0
155,2018-09-30T00:00:00.000,TQ41,0,4,0,4.0
156,2018-09-30T00:00:00.000,TQ42,11,11,0,22.0
157,2018-09-30T00:00:00.000,TQ43,14,76,10,100.0
158,2018-09-30T00:00:00.000,TQ44,7,46,1,54.0
159,2018-09-30T00:00:00.000,TQ45,72,12,10,94.0
160,2018-09-30T00:00:00.000,TQ46,12,27,0,39.0
161,2018-09-30T00:00:00.000,TQ47,0,4,5,9.0
162,2018-09-30T00:00:00.000,TQ48,3,13,1,17.0
163,2018-09-30T00:00:00.000,TQ49,45,101,2,148.0
164,2018-09-30T00:00:00.000,TQ50,1,0,2,3.0
165,2018-09-30T00:00:00.000,TQ51,38,8,1,47.0
166,2018-09-30T00:00:00.000,TQ52,17,9,0,26.0
167,2018-09-30T00:00:00.000,TQ53,2,11,0,13.0
168,2018-09-30T00:00:00.000,TQ54,2,43,1,46.0
169,2018-09-30T00:00:00.000,TQ55,8,8,0,16.0
170,2018-09-30T00:00:00.000,TQ56,5,32,2,39.0
171,2018-09-30T00:00:00.000,TQ57,11,3,3,17.0
172,2018-09-30T00:00:00.000,TQ58,3,11,1,15.0
173,2018-09-30T00:00:00.000,TQ59,0,0,0,0.0
174,2018-09-30T00:00:00.000,TQ60,0,9,2,11.0
175,2018-09-30T00:00:00.000,TQ61,6,2,2,10.0
176,2018-09-30T00:00:00.000,TQ62,3,12,0,15.0
177,2018-09-30T00:00:00.000,TQ63,2,15,1,18.0
178,2018-09-30T00:00:00.000,TQ64,41,1,1,43.0
179,2018-09-30T00:00:00.000,TQ65,7,12,1,20.0
180,2018-09-30T00:00:00.000,TQ66,2,14,2,18.0
181,2018-09-30T00:00:00.000,TQ67,17,3,0,20.0
182,2018-09-30T00:00:00.000,TQ68,9,0,0,9.0
183,2018-09-30T00:00:00.000,TQ69,1,0,1,2.0
184,2018-09-30T00:00:00.000,TQ70,5,32,3,40.0
185,2018-09-30T00:00:00.000,TQ71,7,93,1,101.0
186,2018-09-30T00:00:00.000,TQ72,0,11,3,14.0
187,2018-09-30T00:00:00.000,TQ73,13,4,1,18.0
188,2018-09-30T00:00:00.000,TQ74,15,23,1,39.0
189,2018-09-30T00:00:00.000,TQ75,3,11,1,15.0
190,2018-09-30T00:00:00.000,TQ76,8,0,0,8.0
191,2018-09-30T00:00:00.000,TQ77,12,0,2,14.0
192,2018-09-30T00:00:00.000,TQ78,0,14,3,17.0
193,2018-09-30T00:00:00.000,TQ79,3,7,0,10.0
194,2018-09-30T00:00:00.000,TQ80,3,48,6,57.0
195,2018-09-30T00:00:00.000,TQ81,0,0,0,0.0
196,2018-09-30T00:00:00.000,TQ82,13,154,3,170.0
197,2018-09-30T00:00:00.000,TQ83,3,61,2,66.0
198,2018-09-30T00:00:00.000,TQ84,1,18,1,20.0
199,2018-09-30T00:00:00.000,TQ85,6,2,1,9.0
200,2018-09-30T00:00:00.000,TQ86,14,22,1,37.0
201,2018-09-30T00:00:00.000,TQ87,2,5,0,7.0
202,2018-09-30T00:00:00.000,TQ88,0,29,4,33.0
203,2018-09-30T00:00:00.000,TQ89,17,31,1,49.0
204,2018-09-30T00:00:00.000,TQ90,3,65,2,70.0
205,2018-09-30T00:00:00.000,TQ91,21,92,1,114.0
206,2018-09-30T00:00:00.000,TQ92,6,33,0,39.0
207,2018-09-30T00:00:00.000,TQ93,2,35,3,40.0
208,2018-09-30T00:00:00.000,TQ94,7,4,0,11.0
209,2018-09-30T00:00:00.000,TQ95,1,10,1,12.0
210,2018-09-30T00:00:00.000,TQ96,3,7,0,10.0
211,2018-09-30T00:00:00.000,TQ97,38,34,0,72.0
212,2018-09-30T00:00:00.000,TQ98,45,43,3,91.0
213,2018-09-30T00:00:00.000,TQ99,0,0,0,0.0
214,2018-09-30T00:00:00.000,TQ100,3,45,0,48.0
215,2018-09-30T00:00:00.000,TQ101,13,22,3,38.0
216,2018-09-30T00:00:00.000,TQ102,13,28,0,41.0
217,2018-09-30T00:00:00.000,TQ103,10,0,0,10.0
218,2018-09-30T00:00:00.000,TQ104,39,32,0,71.0
219,2018-09-30T00:00:00.000,TQ105,16,0,2,18.0
220,2018-09-30T00:00:00.000,TQ106,15,62,6,83.0
221,2018-09-30T00:00:00.000,TQ107,0,3,0,3.0
222,2018-09-30T00:00:00.000,TQ108,1,3,0,4.0
223,2018-09-30T00:00:00.000,TQ109,4,0,2,6.0
224,2018-09-30T00:00:00.000,TQ110,0,0,0,0.0
225,2018-09-30T00:00:00.000,TQ111,1,9,1,11.0
226,2018-09-30T00:00:00.000,TQ112,18,58,0,76.0
227,2018-09-30T00:00:00.000,TQ113,1,9,0,10.0
228,2018-09-30T00:00:00.000,TQ114,17,49,0,66.0
229,2018-09-30T00:00:00.000,TQ115,3,11,0,14.0
230,2018-06-30T00:00:00.000,TQ01,0,2,3,5.0
231,2018-06-30T00:00:00.000,TQ02,4,2,0,6.0
232,2018-06-30T00:00:00.000,TQ03,1,2,4,7.0
233,2018-06-30T00:00:00.000,TQ04,0,0,4,4.0
234,2018-06-30T00:00:00.000,TQ05,13,45,5,63.0
235,2018-06-30T00:00:00.000,TQ06,0,0,9,9.0
236,2018-06-30T00:00:00.000,TQ07,0,1,6,7.0
237,2018-06-30T00:00:00.000,TQ08,33,0,6,39.0
238,2018-06-30T00:00:00.000,TQ09,7,3,0,10.0
239,2018-06-30T00:00:00.000,TQ10,8,13,2,23.0
240,2018-06-30T00:00:00.000,TQ11,20,0,1,21.0
241,2018-06-30T00:00:00.000,TQ12,1,0,0,1.0
242,2018-06-30T00:00:00.000,TQ13,0,8,0,8.0
243,2018-06-30T00:00:00.000,TQ14,7,34,1,42.0
244,2018-06-30T00:00:00.000,TQ15,0,0,0,0.0
245,2018-06-30T00:00:00.000,TQ16,0,0,0,0.0
246,2018-06-30T00:00:00.000,TQ17,10,38,4,52.0
247,2018-06-30T00:00:00.000,TQ18,3,51,0,54.0
248,2018-06-30T00:00:00.000,TQ19,17,8,0,25.0
249,2018-06-30T00:00:00.000,TQ20,3,0,3,6.0
250,2018-06-30T00:00:00.000,TQ21,2,17,3,22.0
251,2018-06-30T00:00:00.000,TQ22,0,3,0,3.0
252,2018-06-30T00:00:00.000,TQ23,2,0,0,2.0
253,2018-06-30T00:00:00.000,TQ24,10,1,1,12.0
254,2018-06-30T00:00:00.000,TQ25,9,9,3,21.0
255,2018-06-30T00:00:00.000,TQ26,8,47,9,64.0
256,2018-06-30T00:00:00.000,TQ27,8,18,2,28.0
257,2018-06-30T00:00:00.000,TQ28,28,110,3,141.0
258,2018-06-30T00:00:00.000,TQ29,7,49,2,58.0
259,2018-06-30T00:00:00.000,TQ30,6,4,1,11.0
260,2018-06-30T00:00:00.000,TQ31,24,13,0,37.0
261,2018-06-30T00:00:00.000,TQ32,0,1,0,1.0
262,2018-06-30T00:00:00.000,TQ33,12,19,0,31.0
263,2018-06-30T00:00:00.000,TQ34,67,40,0,107.0
264,2018-06-30T00:00:00.000,TQ35,2,3,1,6.0
265,2018-06-30T00:00:00.000,TQ36,11,35,3,49.0
266,2018-06-30T00:00:00.000,TQ37,7,2,0,9.0
267,2018-06-30T00:00:00.000,TQ38,12,8,1,21.0
268,2018-06-30T00:00:00.000,TQ39,2,2,0,4.0
269,2018-06-30T00:00:00.000,TQ40,0,0,3,3.0
270,2018-06-30T00:00:00.000,TQ41,0,4,0,4.0
271,2018-06-30T00:00:00.000,TQ42,11,11,0,22.0
272,2018-06-30T00:00:00.000,TQ43,14,89,10,113.0
273,2018-06-30T00:00:00.000,TQ44,7,23,1,31.0
274,2018-06-30T00:00:00.000,TQ45,70,22,10,102.0
275,2018-06-30T00:00:00.000,TQ46,12,27,0,39.0
276,2018-06-30T00:00:00.000,TQ47,0,0,5,5.0
277,2018-06-30T00:00:00.000,TQ48,3,13,1,17.0
278,2018-06-30T00:00:00.000,TQ49,45,101,2,148.0
279,2018-06-30T00:00:00.000,TQ50,1,0,2,3.0
280,2018-06-30T00:00:00.000,TQ51,30,8,1,39.0
281,2018-06-30T00:00:00.000,TQ52,29,9,0,38.0
282,2018-06-30T00:00:00.000,TQ53,2,6,0,8.0
283,2018-06-30T00:00:00.000,TQ54,2,43,1,46.0
284,2018-06-30T00:00:00.000,TQ55,8,8,0,16.0
285,2018-06-30T00:00:00.000,TQ56,5,32,2,39.0
286,2018-06-30T00:00:00.000,TQ57,11,3,3,17.0
287,2018-06-30T00:00:00.000,TQ58,3,1,0,4.0
288,2018-06-30T00:00:00.000,TQ59,0,0,0,0.0
289,2018-06-30T00:00:00.000,TQ60,0,9,2,11.0
290,2018-06-30T00:00:00.000,TQ61,6,2,2,10.0
291,2018-06-30T00:00:00.000,TQ62,3,12,0,15.0
292,2018-06-30T00:00:00.000,TQ63,2,7,1,10.0
293,2018-06-30T00:00:00.000,TQ64,37,1,1,39.0
294,2018-06-30T00:00:00.000,TQ65,7,16,1,24.0
295,2018-06-30T00:00:00.000,TQ66,2,13,2,17.0
296,2018-06-30T00:00:00.000,TQ67,17,3,0,20.0
297,2018-06-30T00:00:00.000,TQ68,5,0,0,5.0
298,2018-06-30T00:00:00.000,TQ69,1,0,1,2.0
299,2018-06-30T00:00:00.000,TQ70,5,22,3,30.0
300,2018-06-30T00:00:00.000,TQ71,7,93,1,101.0
301,2018-06-30T00:00:00.000,TQ72,0,11,3,14.0
302,2018-06-30T00:00:00.000,TQ73,10,4,1,15.0
303,2018-06-30T00:00:00.000,TQ74,15,23,1,39.0
304,2018-06-30T00:00:00.000,TQ75,3,14,0,17.0
305,2018-06-30T00:00:00.000,TQ76,5,0,0,5.0
306,2018-06-30T00:00:00.000,TQ77,9,0,2,11.0
307,2018-06-30T00:00:00.000,TQ78,0,13,3,16.0
308,2018-06-30T00:00:00.000,TQ79,3,7,1,11.0
309,2018-06-30T00:00:00.000,TQ80,4,48,6,58.0
310,2018-06-30T00:00:00.000,TQ81,0,0,0,0.0
311,2018-06-30T00:00:00.000,TQ82,13,154,3,170.0
312,2018-06-30T00:00:00.000,TQ83,3,61,2,66.0
313,2018-06-30T00:00:00.000,TQ84,1,18,1,20.0
314,2018-06-30T00:00:00.000,TQ85,6,2,2,10.0
315,2018-06-30T00:00:00.000,TQ86,14,22,0,36.0
316,2018-06-30T00:00:00.000,TQ87,2,5,0,7.0
317,2018-06-30T00:00:00.000,TQ88,0,26,4,30.0
318,2018-06-30T00:00:00.000,TQ89,16,30,1,47.0
319,2018-06-30T00:00:00.000,TQ90,13,65,2,80.0
320,2018-06-30T00:00:00.000,TQ91,19,88,1,108.0
321,2018-06-30T00:00:00.000,TQ92,11,33,0,44.0
322,2018-06-30T00:00:00.000,TQ93,2,35,3,40.0
323,2018-06-30T00:00:00.000,TQ94,7,4,0,11.0
324,2018-06-30T00:00:00.000,TQ95,1,10,1,12.0
325,2018-06-30T00:00:00.000,TQ96,3,7,0,10.0
326,2018-06-30T00:00:00.000,TQ97,37,39,1,77.0
327,2018-06-30T00:00:00.000,TQ98,37,44,3,84.0
328,2018-06-30T00:00:00.000,TQ99,0,0,0,0.0
329,2018-06-30T00:00:00.000,TQ100,3,29,0,32.0
330,2018-06-30T00:00:00.000,TQ101,6,26,4,36.0
331,2018-06-30T00:00:00.000,TQ102,13,28,0,41.0
332,2018-06-30T00:00:00.000,TQ103,8,0,0,8.0
333,2018-06-30T00:00:00.000,TQ104,38,32,0,70.0
334,2018-06-30T00:00:00.000,TQ105,16,0,2,18.0
335,2018-06-30T00:00:00.000,TQ106,12,62,6,80.0
336,2018-06-30T00:00:00.000,TQ107,0,3,0,3.0
337,2018-06-30T00:00:00.000,TQ108,1,6,0,7.0
338,2018-06-30T00:00:00.000,TQ109,4,0,2,6.0
339,2018-06-30T00:00:00.000,TQ110,0,0,0,0.0
340,2018-06-30T00:00:00.000,TQ111,1,9,1,11.0
341,2018-06-30T00:00:00.000,TQ112,16,37,0,53.0
342,2018-06-30T00:00:00.000,TQ113,1,9,0,10.0
343,2018-06-30T00:00:00.000,TQ114,17,49,0,66.0
344,2018-06-30T00:00:00.000,TQ115,1,10,0,11.0
345,2018-03-31T00:00:00.000,TQ01,0,2,3,5.0
346,2018-03-31T00:00:00.000,TQ02,2,2,0,4.0
347,2018-03-31T00:00:00.000,TQ03,1,47,4,52.0
348,2018-03-31T00:00:00.000,TQ04,0,4,4,8.0
349,2018-03-31T00:00:00.000,TQ05,13,49,4,66.0
350,2018-03-31T00:00:00.000,TQ06,0,2,9,11.0
351,2018-03-31T00:00:00.000,TQ07,0,1,6,7.0
352,2018-03-31T00:00:00.000,TQ08,33,0,6,39.0
353,2018-03-31T00:00:00.000,TQ09,7,3,0,10.0
354,2018-03-31T00:00:00.000,TQ10,8,13,2,23.0
355,2018-03-31T00:00:00.000,TQ11,19,0,1,20.0
356,2018-03-31T00:00:00.000,TQ12,1,0,0,1.0
357,2018-03-31T00:00:00.000,TQ13,0,8,1,9.0
358,2018-03-31T00:00:00.000,TQ14,7,29,1,37.0
359,2018-03-31T00:00:00.000,TQ15,2,1,0,3.0
360,2018-03-31T00:00:00.000,TQ16,0,0,0,0.0
361,2018-03-31T00:00:00.000,TQ17,31,42,4,77.0
362,2018-03-31T00:00:00.000,TQ18,3,51,0,54.0
363,2018-03-31T00:00:00.000,TQ19,17,8,0,25.0
364,2018-03-31T00:00:00.000,TQ20,3,0,3,6.0
365,2018-03-31T00:00:00.000,TQ21,2,17,3,22.0
366,2018-03-31T00:00:00.000,TQ22,0,3,0,3.0
367,2018-03-31T00:00:00.000,TQ23,2,0,0,2.0
368,2018-03-31T00:00:00.000,TQ24,10,1,1,12.0
369,2018-03-31T00:00:00.000,TQ25,6,9,3,18.0
370,2018-03-31T00:00:00.000,TQ26,6,47,9,62.0
371,2018-03-31T00:00:00.000,TQ27,7,12,2,21.0
372,2018-03-31T00:00:00.000,TQ28,11,110,3,124.0
373,2018-03-31T00:00:00.000,TQ29,7,49,2,58.0
374,2018-03-31T00:00:00.000,TQ30,5,3,2,10.0
375,2018-03-31T00:00:00.000,TQ31,24,13,0,37.0
376,2018-03-31T00:00:00.000,TQ32,0,0,0,0.0
377,2018-03-31T00:00:00.000,TQ33,9,19,0,28.0
378,2018-03-31T00:00:00.000,TQ34,56,40,0,96.0
379,2018-03-31T00:00:00.000,TQ35,0,7,2,9.0
380,2018-03-31T00:00:00.000,TQ36,9,48,3,60.0
381,2018-03-31T00:00:00.000,TQ37,7,2,0,9.0
382,2018-03-31T00:00:00.000,TQ38,6,8,1,15.0
383,2018-03-31T00:00:00.000,TQ39,2,2,0,4.0
384,2018-03-31T00:00:00.000,TQ40,0,0,3,3.0
385,2018-03-31T00:00:00.000,TQ41,0,4,0,4.0
386,2018-03-31T00:00:00.000,TQ42,11,11,0,22.0
387,2018-03-31T00:00:00.000,TQ43,14,71,10,95.0
388,2018-03-31T00:00:00.000,TQ44,4,23,1,28.0
389,2018-03-31T00:00:00.000,TQ45,57,46,7,110.0
390,2018-03-31T00:00:00.000,TQ46,13,27,0,40.0
391,2018-03-31T00:00:00.000,TQ47,0,0,5,5.0
392,2018-03-31T00:00:00.000,TQ48,2,16,0,18.0
393,2018-03-31T00:00:00.000,TQ49,44,101,2,147.0
394,2018-03-31T00:00:00.000,TQ50,1,0,2,3.0
395,2018-03-31T00:00:00.000,TQ51,19,12,1,32.0
396,2018-03-31T00:00:00.000,TQ52,24,12,1,37.0
397,2018-03-31T00:00:00.000,TQ53,2,6,0,8.0
398,2018-03-31T00:00:00.000,TQ54,2,43,1,46.0
399,2018-03-31T00:00:00.000,TQ55,8,8,0,16.0
400,2018-03-31T00:00:00.000,TQ56,4,32,2,38.0
401,2018-03-31T00:00:00.000,TQ57,11,3,3,17.0
402,2018-03-31T00:00:00.000,TQ58,3,2,0,5.0
403,2018-03-31T00:00:00.000,TQ59,0,0,0,0.0
404,2018-03-31T00:00:00.000,TQ60,0,9,2,11.0
405,2018-03-31T00:00:00.000,TQ61,9,2,2,10.0
406,2018-03-31T00:00:00.000,TQ62,3,12,0,15.0
407,2018-03-31T00:00:00.000,TQ63,2,7,1,10.0
408,2018-03-31T00:00:00.000,TQ64,27,1,1,29.0
409,2018-03-31T00:00:00.000,TQ65,7,12,1,20.0
410,2018-03-31T00:00:00.000,TQ66,2,13,2,17.0
411,2018-03-31T00:00:00.000,TQ67,17,3,0,20.0
412,2018-03-31T00:00:00.000,TQ68,2,0,0,2.0
413,2018-03-31T00:00:00.000,TQ69,1,0,1,2.0
414,2018-03-31T00:00:00.000,TQ70,5,15,3,23.0
415,2018-03-31T00:00:00.000,TQ71,7,94,1,102.0
416,2018-03-31T00:00:00.000,TQ72,0,11,3,14.0
417,2018-03-31T00:00:00.000,TQ73,6,7,0,13.0
418,2018-03-31T00:00:00.000,TQ74,15,23,1,39.0
419,2018-03-31T00:00:00.000,TQ75,3,15,0,18.0
420,2018-03-31T00:00:00.000,TQ76,4,5,0,9.0
421,2018-03-31T00:00:00.000,TQ77,7,0,2,9.0
422,2018-03-31T00:00:00.000,TQ78,0,5,3,8.0
423,2018-03-31T00:00:00.000,TQ79,3,7,1,11.0
424,2018-03-31T00:00:00.000,TQ80,15,48,6,69.0
425,2018-03-31T00:00:00.000,TQ81,0,0,0,0.0
426,2018-03-31T00:00:00.000,TQ82,13,150,3,166.0
427,2018-03-31T00:00:00.000,TQ83,3,61,2,66.0
428,2018-03-31T00:00:00.000,TQ84,1,19,1,21.0
429,2018-03-31T00:00:00.000,TQ85,5,5,1,11.0
430,2018-03-31T00:00:00.000,TQ86,13,29,0,42.0
431,2018-03-31T00:00:00.000,TQ87,2,5,0,7.0
432,2018-03-31T00:00:00.000,TQ88,0,26,4,30.0
433,2018-03-31T00:00:00.000,TQ89,13,29,1,43.0
434,2018-03-31T00:00:00.000,TQ90,9,65,2,76.0
435,2018-03-31T00:00:00.000,TQ91,17,66,1,84.0
436,2018-03-31T00:00:00.000,TQ92,16,33,0,49.0
437,2018-03-31T00:00:00.000,TQ93,2,35,3,40.0
438,2018-03-31T00:00:00.000,TQ94,6,4,0,10.0
439,2018-03-31T00:00:00.000,TQ95,1,10,1,12.0
440,2018-03-31T00:00:00.000,TQ96,3,7,0,10.0
441,2018-03-31T00:00:00.000,TQ97,35,40,1,76.0
442,2018-03-31T00:00:00.000,TQ98,19,43,3,65.0
443,2018-03-31T00:00:00.000,TQ99,0,0,0,0.0
444,2018-03-31T00:00:00.000,TQ100,2,29,0,31.0
445,2018-03-31T00:00:00.000,TQ101,6,25,4,35.0
446,2018-03-31T00:00:00.000,TQ102,13,28,0,41.0
447,2018-03-31T00:00:00.000,TQ103,4,0,0,4.0
448,2018-03-31T00:00:00.000,TQ104,36,32,0,68.0
449,2018-03-31T00:00:00.000,TQ105,14,2,2,18.0
450,2018-03-31T00:00:00.000,TQ106,9,61,6,76.0
451,2018-03-31T00:00:00.000,TQ107,0,3,0,3.0
452,2018-03-31T00:00:00.000,TQ108,1,6,0,7.0
453,2018-03-31T00:00:00.000,TQ109,4,0,1,5.0
454,2018-03-31T00:00:00.000,TQ110,0,0,0,0.0
455,2018-03-31T00:00:00.000,TQ111,1,9,1,11.0
456,2018-03-31T00:00:00.000,TQ112,12,37,0,49.0
457,2018-03-31T00:00:00.000,TQ113,7,9,0,16.0
458,2018-03-31T00:00:00.000,TQ114,15,50,0,65.0
459,2017-12-31T00:00:00.000,TQ01,0,2,3,5.0
460,2017-12-31T00:00:00.000,TQ02,0,2,0,2.0
461,2017-12-31T00:00:00.000,TQ03,1,49,4,54.0
462,2017-12-31T00:00:00.000,TQ04,0,4,4,8.0
463,2017-12-31T00:00:00.000,TQ05,13,49,4,66.0
464,2017-12-31T00:00:00.000,TQ06,1,22,4,27.0
465,2017-12-31T00:00:00.000,TQ07,0,1,6,7.0
466,2017-12-31T00:00:00.000,TQ08,33,0,6,39.0
467,2017-12-31T00:00:00.000,TQ09,8,11,0,19.0
468,2017-12-31T00:00:00.000,TQ10,6,17,2,25.0
469,2017-12-31T00:00:00.000,TQ11,21,9,1,31.0
470,2017-12-31T00:00:00.000,TQ12,1,0,0,1.0
471,2017-12-31T00:00:00.000,TQ13,0,8,0,8.0
472,2017-12-31T00:00:00.000,TQ14,7,20,1,28.0
473,2017-12-31T00:00:00.000,TQ15,2,1,0,3.0
474,2017-12-31T00:00:00.000,TQ16,0,0,0,0.0
475,2017-12-31T00:00:00.000,TQ17,72,42,2,116.0
476,2017-12-31T00:00:00.000,TQ18,3,51,0,54.0
477,2017-12-31T00:00:00.000,TQ19,17,8,0,25.0
478,2017-12-31T00:00:00.000,TQ20,3,0,3,6.0
479,2017-12-31T00:00:00.000,TQ21,2,17,3,22.0
480,2017-12-31T00:00:00.000,TQ22,0,3,0,3.0
481,2017-12-31T00:00:00.000,TQ23,0,2,0,2.0
482,2017-12-31T00:00:00.000,TQ24,10,3,1,14.0
483,2017-12-31T00:00:00.000,TQ25,5,13,3,21.0
484,2017-12-31T00:00:00.000,TQ26,12,47,9,68.0
485,2017-12-31T00:00:00.000,TQ27,7,13,2,22.0
486,2017-12-31T00:00:00.000,TQ28,0,109,3,112.0
487,2017-12-31T00:00:00.000,TQ29,6,48,2,56.0
488,2017-12-31T00:00:00.000,TQ30,5,3,2,10.0
489,2017-12-31T00:00:00.000,TQ31,23,13,0,36.0
490,2017-12-31T00:00:00.000,TQ32,0,0,0,0.0
491,2017-12-31T00:00:00.000,TQ33,8,19,0,27.0
492,2017-12-31T00:00:00.000,TQ34,32,40,3,75.0
493,2017-12-31T00:00:00.000,TQ35,0,7,2,9.0
494,2017-12-31T00:00:00.000,TQ36,6,39,3,48.0
495,2017-12-31T00:00:00.000,TQ37,7,2,0,9.0
496,2017-12-31T00:00:00.000,TQ38,6,8,1,15.0
497,2017-12-31T00:00:00.000,TQ39,1,2,0,3.0
498,2017-12-31T00:00:00.000,TQ40,0,0,3,3.0
499,2017-12-31T00:00:00.000,TQ41,0,4,0,4.0
500,2017-12-31T00:00:00.000,TQ42,10,12,0,22.0
501,2017-12-31T00:00:00.000,TQ43,14,14,9,37.0
502,2017-12-31T00:00:00.000,TQ44,0,13,1,14.0
503,2017-12-31T00:00:00.000,TQ45,54,68,7,129.0
504,2017-12-31T00:00:00.000,TQ46,11,27,0,38.0
505,2017-12-31T00:00:00.000,TQ47,0,0,5,5.0
506,2017-12-31T00:00:00.000,TQ48,2,16,0,18.0
507,2017-12-31T00:00:00.000,TQ49,43,101,2,146.0
508,2017-12-31T00:00:00.000,TQ50,1,5,2,8.0
509,2017-12-31T00:00:00.000,TQ51,6,12,1,19.0
510,2017-12-31T00:00:00.000,TQ52,20,17,1,38.0
511,2017-12-31T00:00:00.000,TQ53,2,6,0,8.0
512,2017-12-31T00:00:00.000,TQ54,2,43,1,46.0
513,2017-12-31T00:00:00.000,TQ55,8,8,0,16.0
514,2017-12-31T00:00:00.000,TQ56,3,32,2,37.0
515,2017-12-31T00:00:00.000,TQ57,11,5,3,19.0
516,2017-12-31T00:00:00.000,TQ58,3,2,0,5.0
517,2017-12-31T00:00:00.000,TQ59,0,0,0,0.0
518,2017-12-31T00:00:00.000,TQ60,0,9,2,11.0
519,2017-12-31T00:00:00.000,TQ61,6,2,2,10.0
520,2017-12-31T00:00:00.000,TQ62,3,12,0,15.0
521,2017-12-31T00:00:00.000,TQ63,2,7,1,10.0
522,2017-12-31T00:00:00.000,TQ64,17,1,1,19.0
523,2017-12-31T00:00:00.000,TQ65,5,4,1,10.0
524,2017-12-31T00:00:00.000,TQ66,2,13,2,17.0
525,2017-12-31T00:00:00.000,TQ67,17,3,0,20.0
526,2017-12-31T00:00:00.000,TQ68,0,6,0,6.0
527,2017-12-31T00:00:00.000,TQ69,1,0,1,2.0
528,2017-12-31T00:00:00.000,TQ70,5,13,3,21.0
529,2017-12-31T00:00:00.000,TQ71,7,94,2,103.0
530,2017-12-31T00:00:00.000,TQ72,0,11,3,14.0
531,2017-12-31T00:00:00.000,TQ73,6,7,0,13.0
532,2017-12-31T00:00:00.000,TQ74,14,23,1,38.0
533,2017-12-31T00:00:00.000,TQ75,3,15,0,18.0
534,2017-12-31T00:00:00.000,TQ76,7,5,0,12.0
535,2017-12-31T00:00:00.000,TQ77,7,0,2,9.0
536,2017-12-31T00:00:00.000,TQ78,0,5,3,8.0
537,2017-12-31T00:00:00.000,TQ79,3,7,1,11.0
538,2017-12-31T00:00:00.000,TQ80,20,48,6,74.0
539,2017-12-31T00:00:00.000,TQ81,0,0,0,0.0
540,2017-12-31T00:00:00.000,TQ82,13,150,3,166.0
541,2017-12-31T00:00:00.000,TQ83,3,61,2,66.0
542,2017-12-31T00:00:00.000,TQ84,1,19,1,21.0
543,2017-12-31T00:00:00.000,TQ85,5,5,2,12.0
544,2017-12-31T00:00:00.000,TQ86,12,29,0,41.0
545,2017-12-31T00:00:00.000,TQ87,2,5,0,7.0
546,2017-12-31T00:00:00.000,TQ88,0,26,4,30.0
547,2017-12-31T00:00:00.000,TQ89,11,29,1,41.0
548,2017-12-31T00:00:00.000,TQ90,3,64,2,69.0
549,2017-12-31T00:00:00.000,TQ91,15,62,1,78.0
550,2017-12-31T00:00:00.000,TQ92,15,33,0,48.0
551,2017-12-31T00:00:00.000,TQ93,2,36,3,41.0
552,2017-12-31T00:00:00.000,TQ94,3,8,0,11.0
553,2017-12-31T00:00:00.000,TQ95,1,10,1,12.0
554,2017-12-31T00:00:00.000,TQ96,5,7,0,12.0
555,2017-12-31T00:00:00.000,TQ97,26,35,0,61.0
556,2017-12-31T00:00:00.000,TQ98,8,43,3,54.0
557,2017-12-31T00:00:00.000,TQ99,0,0,0,0.0
558,2017-12-31T00:00:00.000,TQ100,2,29,0,31.0
559,2017-12-31T00:00:00.000,TQ101,6,25,3,34.0
560,2017-12-31T00:00:00.000,TQ102,11,27,1,39.0
561,2017-12-31T00:00:00.000,TQ103,4,10,0,14.0
562,2017-12-31T00:00:00.000,TQ104,36,41,0,77.0
563,2017-12-31T00:00:00.000,TQ105,13,2,2,17.0
564,2017-12-31T00:00:00.000,TQ106,9,39,4,52.0
565,2017-12-31T00:00:00.000,TQ107,0,3,0,3.0
566,2017-12-31T00:00:00.000,TQ108,1,6,0,7.0
567,2017-12-31T00:00:00.000,TQ109,4,0,1,5.0
568,2017-12-31T00:00:00.000,TQ110,0,0,0,0.0
569,2017-12-31T00:00:00.000,TQ111,1,13,1,15.0
570,2017-12-31T00:00:00.000,TQ112,5,44,0,49.0
571,2017-12-31T00:00:00.000,TQ113,7,9,0,16.0
572,2017-12-31T00:00:00.000,TQ114,13,49,0,62.0
573,2017-09-30T00:00:00.000,TQ01,0,50,3,53.0
574,2017-09-30T00:00:00.000,TQ02,9,5,0,14.0
575,2017-09-30T00:00:00.000,TQ03,1,49,4,54.0
576,2017-09-30T00:00:00.000,TQ04,0,0,4,4.0
577,2017-09-30T00:00:00.000,TQ05,13,18,1,32.0
578,2017-09-30T00:00:00.000,TQ06,1,22,4,27.0
579,2017-09-30T00:00:00.000,TQ07,0,2,6,8.0
580,2017-09-30T00:00:00.000,TQ08,33,0,6,39.0
581,2017-09-30T00:00:00.000,TQ09,8,11,0,19.0
582,2017-09-30T00:00:00.000,TQ10,6,16,5,27.0
583,2017-09-30T00:00:00.000,TQ11,19,0,0,19.0
584,2017-09-30T00:00:00.000,TQ12,1,0,0,1.0
585,2017-09-30T00:00:00.000,TQ13,0,8,0,8.0
586,2017-09-30T00:00:00.000,TQ14,6,37,2,45.0
587,2017-09-30T00:00:00.000,TQ15,2,1,0,3.0
588,2017-09-30T00:00:00.000,TQ16,0,0,0,0.0
589,2017-09-30T00:00:00.000,TQ17,68,42,3,113.0
590,2017-09-30T00:00:00.000,TQ18,3,53,0,56.0
591,2017-09-30T00:00:00.000,TQ19,17,6,0,23.0
592,2017-09-30T00:00:00.000,TQ20,8,9,3,20.0
593,2017-09-30T00:00:00.000,TQ21,2,15,3,20.0
594,2017-09-30T00:00:00.000,TQ22,0,3,1,4.0
595,2017-09-30T00:00:00.000,TQ23,0,2,0,2.0
596,2017-09-30T00:00:00.000,TQ24,10,3,0,13.0
597,2017-09-30T00:00:00.000,TQ25,5,12,1,18.0
598,2017-09-30T00:00:00.000,TQ26,7,53,6,66.0
599,2017-09-30T00:00:00.000,TQ27,7,12,2,21.0
600,2017-09-30T00:00:00.000,TQ28,0,79,3,82.0
601,2017-09-30T00:00:00.000,TQ29,4,94,1,99.0
602,2017-09-30T00:00:00.000,TQ30,5,3,2,10.0
603,2017-09-30T00:00:00.000,TQ31,23,12,0,35.0
604,2017-09-30T00:00:00.000,TQ32,0,0,1,1.0
605,2017-09-30T00:00:00.000,TQ33,6,19,0,25.0
606,2017-09-30T00:00:00.000,TQ34,24,39,3,66.0
607,2017-09-30T00:00:00.000,TQ35,0,6,1,7.0
608,2017-09-30T00:00:00.000,TQ36,4,30,3,37.0
609,2017-09-30T00:00:00.000,TQ37,7,1,0,8.0
610,2017-09-30T00:00:00.000,TQ38,6,8,1,15.0
611,2017-09-30T00:00:00.000,TQ39,8,2,0,10.0
612,2017-09-30T00:00:00.000,TQ40,0,0,3,3.0
613,2017-09-30T00:00:00.000,TQ41,0,3,0,3.0
614,2017-09-30T00:00:00.000,TQ42,11,6,0,17.0
615,2017-09-30T00:00:00.000,TQ43,14,13,9,36.0
616,2017-09-30T00:00:00.000,TQ44,0,2,1,3.0
617,2017-09-30T00:00:00.000,TQ45,42,73,4,119.0
618,2017-09-30T00:00:00.000,TQ46,7,26,0,33.0
619,2017-09-30T00:00:00.000,TQ47,0,0,5,5.0
620,2017-09-30T00:00:00.000,TQ48,3,16,1,20.0
621,2017-09-30T00:00:00.000,TQ49,45,100,2,147.0
622,2017-09-30T00:00:00.000,TQ50,6,5,2,13.0
623,2017-09-30T00:00:00.000,TQ51,6,11,1,18.0
624,2017-09-30T00:00:00.000,TQ52,16,16,1,33.0
625,2017-09-30T00:00:00.000,TQ53,2,7,0,9.0
626,2017-09-30T00:00:00.000,TQ54,2,43,1,46.0
627,2017-09-30T00:00:00.000,TQ55,8,7,0,15.0
628,2017-09-30T00:00:00.000,TQ56,3,31,2,36.0
629,2017-09-30T00:00:00.000,TQ57,11,5,3,19.0
630,2017-09-30T00:00:00.000,TQ58,2,2,0,4.0
631,2017-09-30T00:00:00.000,TQ59,0,0,0,0.0
632,2017-09-30T00:00:00.000,TQ60,0,8,2,10.0
633,2017-09-30T00:00:00.000,TQ61,6,2,2,10.0
634,2017-09-30T00:00:00.000,TQ62,3,16,0,19.0
635,2017-09-30T00:00:00.000,TQ63,2,7,1,10.0
636,2017-09-30T00:00:00.000,TQ64,3,2,1,6.0
637,2017-09-30T00:00:00.000,TQ65,3,4,1,8.0
638,2017-09-30T00:00:00.000,TQ66,2,13,2,17.0
639,2017-09-30T00:00:00.000,TQ67,18,3,0,21.0
640,2017-09-30T00:00:00.000,TQ68,0,6,0,6.0
641,2017-09-30T00:00:00.000,TQ69,1,0,1,2.0
642,2017-09-30T00:00:00.000,TQ70,5,12,1,18.0
643,2017-09-30T00:00:00.000,TQ71,7,95,2,104.0
644,2017-09-30T00:00:00.000,TQ72,0,10,2,12.0
645,2017-09-30T00:00:00.000,TQ73,7,7,0,14.0
646,2017-09-30T00:00:00.000,TQ74,13,23,1,37.0
647,2017-09-30T00:00:00.000,TQ75,1,14,0,15.0
648,2017-09-30T00:00:00.000,TQ76,5,5,0,10.0
649,2017-09-30T00:00:00.000,TQ77,5,0,2,7.0
650,2017-09-30T00:00:00.000,TQ78,0,4,3,7.0
651,2017-09-30T00:00:00.000,TQ79,3,7,1,11.0
652,2017-09-30T00:00:00.000,TQ80,19,77,6,102.0
653,2017-09-30T00:00:00.000,TQ81,0,0,0,0.0
654,2017-09-30T00:00:00.000,TQ82,13,146,3,162.0
655,2017-09-30T00:00:00.000,TQ83,3,60,2,65.0
656,2017-09-30T00:00:00.000,TQ84,1,19,1,21.0
657,2017-09-30T00:00:00.000,TQ85,5,5,2,
658,2017-09-30T00:00:00.000,TQ86,12,11,1,24.0
659,2017-09-30T00:00:00.000,TQ87,2,3,0,5.0
660,2017-09-30T00:00:00.000,TQ88,0,26,4,30.0
661,2017-09-30T00:00:00.000,TQ89,8,28,1,37.0
662,2017-09-30T00:00:00.000,TQ90,3,25,2,30.0
663,2017-09-30T00:00:00.000,TQ91,13,61,1,75.0
664,2017-09-30T00:00:00.000,TQ92,26,33,0,59.0
665,2017-09-30T00:00:00.000,TQ93,1,36,3,40.0
666,2017-09-30T00:00:00.000,TQ94,3,8,0,11.0
667,2017-09-30T00:00:00.000,TQ95,1,10,1,12.0
668,2017-09-30T00:00:00.000,TQ96,5,7,0,12.0
669,2017-09-30T00:00:00.000,TQ97,18,105,0,123.0
670,2017-09-30T00:00:00.000,TQ98,8,32,2,42.0
671,2017-09-30T00:00:00.000,TQ99,0,0,0,0.0
672,2017-09-30T00:00:00.000,TQ100,2,29,0,31.0
673,2017-09-30T00:00:00.000,TQ101,5,24,3,32.0
674,2017-09-30T00:00:00.000,TQ102,11,28,1,40.0
675,2017-09-30T00:00:00.000,TQ103,5,10,0,15.0
676,2017-09-30T00:00:00.000,TQ104,36,34,0,70.0
677,2017-09-30T00:00:00.000,TQ105,9,0,2,11.0
678,2017-09-30T00:00:00.000,TQ106,9,82,3,94.0
679,2017-09-30T00:00:00.000,TQ107,0,2,0,2.0
680,2017-09-30T00:00:00.000,TQ108,1,12,0,13.0
681,2017-09-30T00:00:00.000,TQ109,4,1,1,6.0
682,2017-09-30T00:00:00.000,TQ110,0,0,0,0.0
683,2017-09-30T00:00:00.000,TQ111,1,10,1,12.0
684,2017-09-30T00:00:00.000,TQ112,5,44,0,49.0
685,2017-09-30T00:00:00.000,TQ113,9,9,0,18.0
686,2017-06-30T00:00:00.000,TQ01,29,52,10,91.0
687,2017-06-30T00:00:00.000,TQ02,9,5,0,14.0
688,2017-06-30T00:00:00.000,TQ03,1,53,4,58.0
689,2017-06-30T00:00:00.000,TQ04,0,0,4,4.0
690,2017-06-30T00:00:00.000,TQ05,13,16,1,30.0
691,2017-06-30T00:00:00.000,TQ06,1,22,4,27.0
692,2017-06-30T00:00:00.000,TQ07,0,2,6,8.0
693,2017-06-30T00:00:00.000,TQ08,32,0,6,38.0
694,2017-06-30T00:00:00.000,TQ09,9,11,0,20.0
695,2017-06-30T00:00:00.000,TQ10,6,16,5,27.0
696,2017-06-30T00:00:00.000,TQ11,19,13,0,32.0
697,2017-06-30T00:00:00.000,TQ12,1,0,0,1.0
698,2017-06-30T00:00:00.000,TQ13,0,8,0,8.0
699,2017-06-30T00:00:00.000,TQ14,6,34,2,42.0
700,2017-06-30T00:00:00.000,TQ15,2,1,0,3.0
701,2017-06-30T00:00:00.000,TQ16,0,0,0,0.0
702,2017-06-30T00:00:00.000,TQ17,66,42,2,110.0
703,2017-06-30T00:00:00.000,TQ18,3,45,0,48.0
704,2017-06-30T00:00:00.000,TQ19,17,6,0,23.0
705,2017-06-30T00:00:00.000,TQ20,7,9,1,17.0
706,2017-06-30T00:00:00.000,TQ21,2,15,3,20.0
707,2017-06-30T00:00:00.000,TQ22,2,3,0,5.0
708,2017-06-30T00:00:00.000,TQ23,0,2,0,2.0
709,2017-06-30T00:00:00.000,TQ24,10,3,2,15.0
710,2017-06-30T00:00:00.000,TQ25,4,1,1,6.0
711,2017-06-30T00:00:00.000,TQ26,0,27,5,32.0
712,2017-06-30T00:00:00.000,TQ27,7,12,2,21.0
713,2017-06-30T00:00:00.000,TQ28,0,79,3,82.0
714,2017-06-30T00:00:00.000,TQ29,3,89,4,96.0
715,2017-06-30T00:00:00.000,TQ30,5,3,1,9.0
716,2017-06-30T00:00:00.000,TQ31,20,12,0,32.0
717,2017-06-30T00:00:00.000,TQ32,0,0,1,1.0
718,2017-06-30T00:00:00.000,TQ33,6,19,0,25.0
719,2017-06-30T00:00:00.000,TQ34,24,39,3,66.0
720,2017-06-30T00:00:00.000,TQ35,0,6,1,7.0
721,2017-06-30T00:00:00.000,TQ36,4,28,1,33.0
722,2017-06-30T00:00:00.000,TQ37,7,1,0,8.0
723,2017-06-30T00:00:00.000,TQ38,6,8,0,14.0
724,2017-06-30T00:00:00.000,TQ39,9,2,0,11.0
725,2017-06-30T00:00:00.000,TQ40,0,0,3,3.0
726,2017-06-30T00:00:00.000,TQ41,0,3,0,3.0
727,2017-06-30T00:00:00.000,TQ42,11,6,0,17.0
728,2017-06-30T00:00:00.000,TQ43,14,13,6,33.0
729,2017-06-30T00:00:00.000,TQ44,0,2,0,2.0
730,2017-06-30T00:00:00.000,TQ45,36,75,1,112.0
731,2017-06-30T00:00:00.000,TQ46,6,25,0,31.0
732,2017-06-30T00:00:00.000,TQ47,0,0,5,5.0
733,2017-06-30T00:00:00.000,TQ48,7,20,0,27.0
734,2017-06-30T00:00:00.000,TQ49,45,102,2,149.0
735,2017-06-30T00:00:00.000,TQ50,5,5,2,12.0
736,2017-06-30T00:00:00.000,TQ51,6,11,0,17.0
737,2017-06-30T00:00:00.000,TQ52,12,16,1,29.0
738,2017-06-30T00:00:00.000,TQ53,2,7,0,9.0
739,2017-06-30T00:00:00.000,TQ54,2,43,1,46.0
740,2017-06-30T00:00:00.000,TQ55,8,7,0,15.0
741,2017-06-30T00:00:00.000,TQ56,3,31,2,36.0
742,2017-06-30T00:00:00.000,TQ57,11,5,3,19.0
743,2017-06-30T00:00:00.000,TQ58,2,2,0,4.0
744,2017-06-30T00:00:00.000,TQ59,0,0,0,0.0
745,2017-06-30T00:00:00.000,TQ60,0,8,2,10.0
746,2017-06-30T00:00:00.000,TQ61,6,2,2,10.0
747,2017-06-30T00:00:00.000,TQ62,3,16,0,19.0
748,2017-06-30T00:00:00.000,TQ63,2,7,1,10.0
749,2017-06-30T00:00:00.000,TQ64,3,2,1,6.0
750,2017-06-30T00:00:00.000,TQ65,3,4,1,8.0
751,2017-06-30T00:00:00.000,TQ66,2,13,2,17.0
752,2017-06-30T00:00:00.000,TQ67,16,4,0,20.0
753,2017-06-30T00:00:00.000,TQ68,0,6,0,6.0
754,2017-06-30T00:00:00.000,TQ69,2,0,1,3.0
755,2017-06-30T00:00:00.000,TQ70,5,12,6,23.0
756,2017-06-30T00:00:00.000,TQ71,7,65,2,74.0
757,2017-06-30T00:00:00.000,TQ72,0,10,2,12.0
758,2017-06-30T00:00:00.000,TQ73,6,9,1,16.0
759,2017-06-30T00:00:00.000,TQ74,13,23,5,41.0
760,2017-06-30T00:00:00.000,TQ75,1,14,0,15.0
761,2017-06-30T00:00:00.000,TQ76,5,5,0,10.0
762,2017-06-30T00:00:00.000,TQ77,5,0,1,6.0
763,2017-06-30T00:00:00.000,TQ78,0,4,3,7.0
764,2017-06-30T00:00:00.000,TQ79,3,7,1,11.0
765,2017-06-30T00:00:00.000,TQ80,20,86,5,111.0
766,2017-06-30T00:00:00.000,TQ81,0,0,0,0.0
767,2017-06-30T00:00:00.000,TQ82,9,146,2,157.0
768,2017-06-30T00:00:00.000,TQ83,3,61,2,66.0
769,2017-06-30T00:00:00.000,TQ84,1,19,1,21.0
770,2017-06-30T00:00:00.000,TQ85,4,6,1,11.0
771,2017-06-30T00:00:00.000,TQ86,12,11,0,23.0
772,2017-06-30T00:00:00.000,TQ87,2,3,0,5.0
773,2017-06-30T00:00:00.000,TQ88,0,27,4,31.0
774,2017-06-30T00:00:00.000,TQ89,6,28,0,34.0
775,2017-06-30T00:00:00.000,TQ90,3,25,1,29.0
776,2017-06-30T00:00:00.000,TQ91,10,61,0,71.0
777,2017-06-30T00:00:00.000,TQ92,24,34,0,58.0
778,2017-06-30T00:00:00.000,TQ93,1,37,3,41.0
779,2017-06-30T00:00:00.000,TQ94,3,8,0,11.0
780,2017-06-30T00:00:00.000,TQ95,1,15,1,17.0
781,2017-06-30T00:00:00.000,TQ96,5,7,0,12.0
782,2017-06-30T00:00:00.000,TQ97,16,100,0,116.0
783,2017-06-30T00:00:00.000,TQ98,6,34,0,40.0
784,2017-06-30T00:00:00.000,TQ99,0,0,0,0.0
785,2017-06-30T00:00:00.000,TQ100,2,30,0,32.0
786,2017-06-30T00:00:00.000,TQ101,5,24,3,32.0
787,2017-06-30T00:00:00.000,TQ102,11,25,1,37.0
788,2017-06-30T00:00:00.000,TQ103,2,1,0,3.0
789,2017-06-30T00:00:00.000,TQ104,36,30,0,66.0
790,2017-06-30T00:00:00.000,TQ105,2,0,1,3.0
791,2017-06-30T00:00:00.000,TQ106,9,90,0,99.0
792,2017-06-30T00:00:00.000,TQ107,0,2,0,2.0
793,2017-06-30T00:00:00.000,TQ108,1,13,0,14.0
794,2017-06-30T00:00:00.000,TQ109,4,1,0,5.0
795,2017-06-30T00:00:00.000,TQ110,0,0,0,0.0
796,2017-06-30T00:00:00.000,TQ111,1,2,0,3.0
797,2017-06-30T00:00:00.000,TQ112,3,44,0,47.0
798,2017-03-31T00:00:00.000,TQ01,21,55,11,87.0
799,2017-03-31T00:00:00.000,TQ02,9,7,0,16.0
800,2017-03-31T00:00:00.000,TQ03,1,43,6,50.0
801,2017-03-31T00:00:00.000,TQ04,2,0,4,6.0
802,2017-03-31T00:00:00.000,TQ05,12,3,1,16.0
803,2017-03-31T00:00:00.000,TQ06,3,22,4,29.0
804,2017-03-31T00:00:00.000,TQ07,0,2,5,7.0
805,2017-03-31T00:00:00.000,TQ08,32,0,6,38.0
806,2017-03-31T00:00:00.000,TQ09,12,11,0,23.0
807,2017-03-31T00:00:00.000,TQ10,6,16,5,27.0
808,2017-03-31T00:00:00.000,TQ11,19,21,0,40.0
809,2017-03-31T00:00:00.000,TQ12,1,0,0,1.0
810,2017-03-31T00:00:00.000,TQ13,0,8,0,8.0
811,2017-03-31T00:00:00.000,TQ14,7,35,5,47.0
812,2017-03-31T00:00:00.000,TQ15,2,1,0,3.0
813,2017-03-31T00:00:00.000,TQ16,0,0,0,0.0
814,2017-03-31T00:00:00.000,TQ17,60,42,2,104.0
815,2017-03-31T00:00:00.000,TQ18,3,44,0,47.0
816,2017-03-31T00:00:00.000,TQ19,17,4,0,21.0
817,2017-03-31T00:00:00.000,TQ20,6,9,1,16.0
818,2017-03-31T00:00:00.000,TQ21,2,15,3,20.0
819,2017-03-31T00:00:00.000,TQ22,8,4,0,12.0
820,2017-03-31T00:00:00.000,TQ23,0,5,1,6.0
821,2017-03-31T00:00:00.000,TQ24,10,3,2,15.0
822,2017-03-31T00:00:00.000,TQ25,5,1,1,7.0
823,2017-03-31T00:00:00.000,TQ26,0,27,5,32.0
824,2017-03-31T00:00:00.000,TQ27,7,12,2,21.0
825,2017-03-31T00:00:00.000,TQ28,0,79,6,85.0
826,2017-03-31T00:00:00.000,TQ29,3,92,4,99.0
827,2017-03-31T00:00:00.000,TQ30,5,3,1,9.0
828,2017-03-31T00:00:00.000,TQ31,18,12,0,30.0
829,2017-03-31T00:00:00.000,TQ32,0,0,1,1.0
830,2017-03-31T00:00:00.000,TQ33,1,0,0,1.0
831,2017-03-31T00:00:00.000,TQ34,19,39,3,61.0
832,2017-03-31T00:00:00.000,TQ35,0,7,4,11.0
833,2017-03-31T00:00:00.000,TQ36,2,29,2,33.0
834,2017-03-31T00:00:00.000,TQ37,7,1,2,10.0
835,2017-03-31T00:00:00.000,TQ38,5,8,1,14.0
836,2017-03-31T00:00:00.000,TQ39,9,2,0,11.0
837,2017-03-31T00:00:00.000,TQ40,0,0,3,3.0
838,2017-03-31T00:00:00.000,TQ41,0,3,0,3.0
839,2017-03-31T00:00:00.000,TQ42,11,6,0,17.0
840,2017-03-31T00:00:00.000,TQ43,14,15,3,32.0
841,2017-03-31T00:00:00.000,TQ44,0,2,0,2.0
842,2017-03-31T00:00:00.000,TQ45,23,92,1,116.0
843,2017-03-31T00:00:00.000,TQ46,6,25,0,31.0
844,2017-03-31T00:00:00.000,TQ47,0,7,5,12.0
845,2017-03-31T00:00:00.000,TQ48,4,20,0,24.0
846,2017-03-31T00:00:00.000,TQ49,45,102,2,149.0
847,2017-03-31T00:00:00.000,TQ50,3,5,2,10.0
848,2017-03-31T00:00:00.000,TQ51,6,11,0,17.0
849,2017-03-31T00:00:00.000,TQ52,8,16,1,25.0
850,2017-03-31T00:00:00.000,TQ53,2,7,0,9.0
851,2017-03-31T00:00:00.000,TQ54,2,43,1,46.0
852,2017-03-31T00:00:00.000,TQ55,8,6,0,14.0
853,2017-03-31T00:00:00.000,TQ56,3,31,2,36.0
854,2017-03-31T00:00:00.000,TQ57,11,5,3,19.0
855,2017-03-31T00:00:00.000,TQ58,2,15,0,17.0
856,2017-03-31T00:00:00.000,TQ59,0,0,0,0.0
857,2017-03-31T00:00:00.000,TQ60,0,8,2,10.0
858,2017-03-31T00:00:00.000,TQ61,6,2,2,10.0
859,2017-03-31T00:00:00.000,TQ62,3,19,0,22.0
860,2017-03-31T00:00:00.000,TQ63,2,7,1,10.0
861,2017-03-31T00:00:00.000,TQ64,3,2,1,6.0
862,2017-03-31T00:00:00.000,TQ65,3,9,2,14.0
863,2017-03-31T00:00:00.000,TQ66,1,13,2,16.0
864,2017-03-31T00:00:00.000,TQ67,16,4,2,22.0
865,2017-03-31T00:00:00.000,TQ68,0,6,0,6.0
866,2017-03-31T00:00:00.000,TQ69,2,1,0,3.0
867,2017-03-31T00:00:00.000,TQ70,3,9,6,18.0
868,2017-03-31T00:00:00.000,TQ71,7,66,3,76.0
869,2017-03-31T00:00:00.000,TQ72,0,10,2,12.0
870,2017-03-31T00:00:00.000,TQ73,4,9,0,13.0
871,2017-03-31T00:00:00.000,TQ74,13,23,4,40.0
872,2017-03-31T00:00:00.000,TQ75,1,5,2,8.0
873,2017-03-31T00:00:00.000,TQ76,5,5,1,11.0
874,2017-03-31T00:00:00.000,TQ77,3,0,2,5.0
875,2017-03-31T00:00:00.000,TQ78,0,4,3,7.0
876,2017-03-31T00:00:00.000,TQ79,1,7,1,9.0
877,2017-03-31T00:00:00.000,TQ80,22,84,5,111.0
878,2017-03-31T00:00:00.000,TQ81,0,0,0,0.0
879,2017-03-31T00:00:00.000,TQ82,5,128,0,133.0
880,2017-03-31T00:00:00.000,TQ83,3,61,2,66.0
881,2017-03-31T00:00:00.000,TQ84,1,19,0,20.0
882,2017-03-31T00:00:00.000,TQ85,4,6,0,10.0
883,2017-03-31T00:00:00.000,TQ86,12,20,0,32.0
884,2017-03-31T00:00:00.000,TQ87,2,3,0,5.0
885,2017-03-31T00:00:00.000,TQ88,0,27,4,31.0
886,2017-03-31T00:00:00.000,TQ89,3,29,0,32.0
887,2017-03-31T00:00:00.000,TQ90,3,25,0,28.0
888,2017-03-31T00:00:00.000,TQ91,8,58,0,66.0
889,2017-03-31T00:00:00.000,TQ92,16,34,0,50.0
890,2017-03-31T00:00:00.000,TQ93,1,37,0,38.0
891,2017-03-31T00:00:00.000,TQ94,4,8,0,12.0
892,2017-03-31T00:00:00.000,TQ95,1,11,0,12.0
893,2017-03-31T00:00:00.000,TQ96,4,7,0,11.0
894,2017-03-31T00:00:00.000,TQ97,1,100,0,101.0
895,2017-03-31T00:00:00.000,TQ98,6,34,0,40.0
896,2017-03-31T00:00:00.000,TQ99,0,0,0,0.0
897,2017-03-31T00:00:00.000,TQ100,2,19,0,21.0
898,2017-03-31T00:00:00.000,TQ101,5,24,0,29.0
899,2017-03-31T00:00:00.000,TQ102,11,25,0,36.0
900,2017-03-31T00:00:00.000,TQ103,1,0,0,1.0
901,2017-03-31T00:00:00.000,TQ104,37,28,0,65.0
902,2017-03-31T00:00:00.000,TQ105,0,3,0,3.0
903,2017-03-31T00:00:00.000,TQ106,7,92,0,99.0
904,2017-03-31T00:00:00.000,TQ107,0,2,0,2.0
905,2017-03-31T00:00:00.000,TQ108,6,13,0,19.0
